name,freq,value
Rental Car & Taxi,1.6333333333333333,24.035666666666664
Shopping,1.1666666666666667,19.082
Restaurants,0.9333333333333333,20.892666666666667
Fast Food,0.9333333333333333,6.598666666666667
Credit Card Payment,0.7000000000000001,178.49066666666667
Groceries,0.7000000000000001,70.46433333333334
